biomarker_id,biomarker_name,raw_col,label,unit,source_table
1,albumin_urine,URXUMA,"Albumin, urine",ug/mL,raw_urine_albcr
2,albumin_urine,URXUMS,"Albumin, urine",mg/L,raw_urine_albcr
3,albumin_urine_comment_code,URDUMALC,"Albumin, urine comment code",,raw_urine_albcr
4,creatinine_urine,URXUCR,"Creatinine, urine",mg/dL,raw_urine_albcr
5,creatinine_urine,URXCRS,"Creatinine, urine",umol/L,raw_urine_albcr
6,creatinine_urine_comment_code,URDUCRLC,"Creatinine, urine comment code",,raw_urine_albcr
7,albumin_creatinine_ratio,URDACT,Albumin creatinine ratio,mg/g,raw_urine_albcr
8,surplus_specimen_agp_weights_prepandemic,WTSSAGPP,Surplus specimen AGP weights prepandemic,,raw_blood_agp
9,alpha1acid_glycoprotein,SSAGP,Alpha-1-Acid Glycoprotein,g/L,raw_blood_agp
10,arsenic_total_urine,URXUAS,"Arsenic, Total - Urine",ug/L,raw_total_arsenic
11,arsenic_total_urine_comment_code,URDUASLC,"Arsenic, Total - Urine Comment Code",,raw_total_arsenic
12,urinary_arsenous_acid,URXUAS3,Urinary Arsenous acid,ug/L,raw_speciated_arsenic
13,urinary_arsenous_acid_comment_code,URDUA3LC,Urinary Arsenous acid comment code,,raw_speciated_arsenic
14,urinary_arsenic_acid,URXUAS5,Urinary Arsenic acid,ug/L,raw_speciated_arsenic
15,urinary_arsenic_acid_comment_code,URDUA5LC,Urinary Arsenic acid comment code,,raw_speciated_arsenic
16,urinary_arsenobetaine,URXUAB,Urinary Arsenobetaine,ug/L,raw_speciated_arsenic
17,urinary_arsenobetaine_comment_code,URDUABLC,Urinary Arsenobetaine comment code,,raw_speciated_arsenic
18,urinary_arsenocholine,URXUAC,Urinary Arsenocholine,ug/L,raw_speciated_arsenic
19,urinary_arsenocholine_comment_code,URDUACLC,Urinary Arsenocholine comment code,,raw_speciated_arsenic
20,urinary_dimethylarsinic_acid,URXUDMA,Urinary Dimethylarsinic acid,ug/L,raw_speciated_arsenic
21,urinary_dimethylarsinic_acid_comment,URDUDALC,Urinary Dimethylarsinic acid comment,,raw_speciated_arsenic
22,urinary_monomethylarsonic_acid,URXUMMA,Urinary Monomethylarsonic acid,ug/L,raw_speciated_arsenic
23,urinary_monomethylarsonic_acid_comment,URDUMMAL,Urinary Monomethylarsonic acid comment,,raw_speciated_arsenic
24,direct_hdlcholesterol,LBDHDD,Direct HDL-Cholesterol,mg/dL,raw_blood_hdl
25,triglyceride,LBXTR,Triglyceride,mg/dL,raw_blood_triglyceride
26,ldlcholesterol_friedewald,LBDLDL,"LDL-Cholesterol, Friedewald",mg/dL,raw_blood_triglyceride
27,ldlcholesterol_martinhopkins,LBDLDLM,"LDL-Cholesterol, Martin-Hopkins",mg/dL,raw_blood_triglyceride
28,ldlcholesterol_nih_equation_2,LBDLDLN,"LDL-Cholesterol, NIH equation 2",mg/dL,raw_blood_triglyceride
29,total_cholesterol,LBXTC,Total Cholesterol,mg/dL,raw_blood_total_cholesterol
30,chromium_urine,URXUCM,"Chromium, Urine",ug/L,raw_chromium
31,chromium_urine_comment_code,URDUCMLC,"Chromium, Urine Comment Code",,raw_chromium
32,chromium,LBXBCR,Chromium,ug/L,raw_blood_chromium_cobalt
33,chromium_comment_code,LBDBCRLC,Chromium Comment Code,,raw_blood_chromium_cobalt
34,cobalt,LBXBCO,Cobalt,ug/L,raw_blood_chromium_cobalt
35,cobalt_comment_code,LBDBCOLC,Cobalt Comment Code,,raw_blood_chromium_cobalt
36,lymphocyte_percent,LBXLYPCT,Lymphocyte percent,%,raw_blood_cbc
37,monocyte_percent,LBXMOPCT,Monocyte percent,%,raw_blood_cbc
38,segmented_neutrophils_percent,LBXNEPCT,Segmented neutrophils percent,%,raw_blood_cbc
39,eosinophils_percent,LBXEOPCT,Eosinophils percent,%,raw_blood_cbc
40,basophils_percent,LBXBAPCT,Basophils percent,%,raw_blood_cbc
41,lymphocyte_number,LBDLYMNO,Lymphocyte number,1000 cells/uL,raw_blood_cbc
42,monocyte_number,LBDMONO,Monocyte number,1000 cells/uL,raw_blood_cbc
43,segmented_neutrophils_num,LBDNENO,Segmented neutrophils num,1000 cell/uL,raw_blood_cbc
44,eosinophils_number,LBDEONO,Eosinophils number,1000 cells/uL,raw_blood_cbc
45,basophils_number,LBDBANO,Basophils number,1000 cells/uL,raw_blood_cbc
46,hemoglobin,LBXHGB,Hemoglobin,g/dL,raw_blood_cbc
47,hematocrit,LBXHCT,Hematocrit,%,raw_blood_cbc
48,mean_cell_hgb_conc,LBXMC,Mean Cell Hgb Conc.,g/dL,raw_blood_cbc
49,red_cell_distribution_width,LBXRDW,Red cell distribution width,%,raw_blood_cbc
50,nucleated_red_blood_cells,LBXNRBC,Nucleated red blood cells,/100 WBC,raw_blood_cbc
51,cotinine_serum,LBXCOT,"Cotinine, Serum",ng/mL,raw_blood_cotinine
52,cotinine_serum_comment_code,LBDCOTLC,"Cotinine, Serum Comment Code",,raw_blood_cotinine
53,hydroxycotinine_serum,LBXHCOT,"Hydroxycotinine, Serum",ng/mL,raw_blood_cotinine
54,hydroxycotinine_serum_comment_code,LBDHCOLC,"Hydroxycotinine, Serum Comment Code",,raw_blood_cotinine
55,cytomegalovirus_cmv_igg,LBXIGG,Cytomegalovirus (CMV) IgG,,raw_blood_cmv
56,cytomegalovirus_cmv_igm,LBXIGM,Cytomegalovirus (CMV) IgM,,raw_blood_cmv
57,cytomegalovirus_cmv_igg_avidity,LBXIGGA,Cytomegalovirus (CMV) IgG avidity,,raw_blood_cmv
58,ethylene_oxide,LBXEOA,Ethylene Oxide,pmol/g Hb,raw_blood_ethylene_oxide
59,ethylene_oxide_comment_code,LBDEOALC,Ethylene Oxide comment code,,raw_blood_ethylene_oxide
60,ferritin,LBXFER,Ferritin,ng/mL,raw_blood_ferritin
61,subsample_b_weights_prepandemic,WTSBPRP,Subsample B Weights Pre-Pandemic,,raw_flame_retardants
62,bis_1chloro2propyl_phosphate,URXBCPP,Bis (1-chloro-2-propyl) Phosphate,,raw_flame_retardants
63,bis_1chloro2propyl_phosphate_comt,URDBCPLC,Bis (1-chloro-2-propyl) Phosphate Comt,,raw_flame_retardants
64,bis2chloroethyl_phosphate,URXBCEP,Bis-2-chloroethyl Phosphate,,raw_flame_retardants
65,bis2chloroethyl_phosphate_comt_code,URDCEPLC,Bis-2-chloroethyl Phosphate Comt Code,,raw_flame_retardants
66,bis_13dichloro2propyl_phosphate,URXBDCP,"Bis (1,3-dichloro-2-propyl) Phosphate",,raw_flame_retardants
67,bis_13dichloro2propyl_phosph_comt,URDBDCLC,"Bis (1,3-dichloro-2-propyl) Phosph Comt",,raw_flame_retardants
68,dibutyl_phosphate,URXDBUP,Dibutyl Phosphate,,raw_flame_retardants
69,dibutyl_phosphate_comment_code,URDDUPLC,Dibutyl Phosphate Comment Code,,raw_flame_retardants
70,diphenyl_phosphate,URXDPHP,Diphenyl Phosphate,,raw_flame_retardants
71,diphenyl_phosphate_comment_code,URDDPHLC,Diphenyl Phosphate Comment Code,,raw_flame_retardants
72,2345tetrabromobenzoic_acid,URXTBBA,"2,3,4,5-tetrabromobenzoic Acid",,raw_flame_retardants
73,2345tetrabromobenzoic_acid_comt_code,URDBBALC,"2,3,4,5-tetrabromobenzoic Acid Comt Code",,raw_flame_retardants
74,surplus_specimen_b_weights_prepandemic,WTSSBPP,Surplus specimen B weights pre-pandemic,,raw_flame_retardants_surplus
75,2isopropylphenylphenyl_phosphateugl,SSIPPP,2(isopropyl)phenyl)phenyl phosphateug/L,,raw_flame_retardants_surplus
76,2isopropylphenylphenyl_phosphate_cd,SSIPPPL,2(isopropyl)phenyl)phenyl phosphate cd,,raw_flame_retardants_surplus
77,4tertbutylphenylphenyl_phosphateugl,SSBPPP,4(tert-butyl)phenyl)phenyl phosphateug/L,,raw_flame_retardants_surplus
78,4tertbutylphenylphenyl_phosphate_cd,SSBPPPL,4(tert-butyl)phenyl)phenyl phosphate cd,,raw_flame_retardants_surplus
79,folate_folate_form_weight_prepandemic,WTFOLPRP,Folate & Folate Form Weight Pre-Pandemic,,raw_blood_folate
80,rbc_folate,LBDRFO,RBC folate,ng/mL,raw_blood_folate
81,folate_folate_form_weight_prepandemic,WTFOLPRP,Folate & Folate Form Weight Pre-Pandemic,,raw_blood_folate_forms
82,serum_total_folate,LBDFOT,Serum total folate,ng/mL,raw_blood_folate_forms
83,5methyltetrahydrofolate_cmt,LBDSF1LC,5-Methyl-tetrahydrofolate cmt,,raw_blood_folate_forms
84,folic_acid_cmt,LBDSF2LC,Folic acid cmt,,raw_blood_folate_forms
85,5formyltetrahydrofolate_cmt,LBDSF3LC,5-Formyl-tetrahydrofolate cmt,,raw_blood_folate_forms
86,tetrahydrofolate_cmt,LBDSF4LC,Tetrahydrofolate cmt,,raw_blood_folate_forms
87,510methenyltetrahydrofolate_cmt,LBDSF5LC,"5,10-Methenyl-tetrahydrofolate cmt",,raw_blood_folate_forms
88,mefox_oxidation_product_cmt,LBDSF6LC,Mefox oxidation product cmt,,raw_blood_folate_forms
89,glycohemoglobin,LBXGH,Glycohemoglobin,%,raw_blood_glycohemoglobin
90,hs_creactive_protein,LBXHSCRP,HS C-Reactive Protein,mg/L,raw_blood_crp
91,hs_creactive_protein_comment_code,LBDHRPLC,HS C-Reactive Protein Comment Code,,raw_blood_crp
92,mercury_inorganic,LBXIHG,"Mercury, inorganic",ug/L,raw_blood_mercury
93,mercury_inorganic_comment_code,LBDIHGLC,"Mercury, inorganic comment code",,raw_blood_mercury
94,mercury_ethyl,LBXBGE,"Mercury, ethyl",ug/L,raw_blood_mercury
95,mercury_ethyl_comment_code,LBDBGELC,"Mercury, ethyl comment code",,raw_blood_mercury
96,mercury_methyl,LBXBGM,"Mercury, methyl",ug/L,raw_blood_mercury
97,mercury_methyl_comment_code,LBDBGMLC,"Mercury, methyl comment code",,raw_blood_mercury
98,insulin,LBXIN,Insulin,Î¼U/mL,raw_blood_insulin
99,insulin_comment_code,LBDINLC,Insulin Comment Code,,raw_blood_insulin
100,iodine_urine,URXUIO,"Iodine, urine",ug/L,raw_urine_iodine
101,iodine_urine_comment_code,URDUIOLC,"Iodine, urine comment code",,raw_urine_iodine
102,iron_frozen_serum,LBXIRN,"Iron frozen, Serum",ug/dL,raw_blood_iron_status
103,uibc_serum,LBXUIB,"UIBC, Serum",ug/dL,raw_blood_iron_status
104,uibc_serum_comment_code,LBDUIBLC,"UIBC, Serum Comment Code",,raw_blood_iron_status
105,total_iron_binding_capacity_tibc,LBDTIB,Total Iron Binding Capacity TIBC,ug/dL,raw_blood_iron_status
106,transferrin_saturation,LBDPCT,Transferrin Saturation,%,raw_blood_iron_status
107,blood_lead,LBXBPB,Blood lead,ug/dL,raw_blood_pbcd
108,blood_lead_comment_code,LBDBPBLC,Blood lead comment code,,raw_blood_pbcd
109,blood_cadmium,LBXBCD,Blood cadmium,ug/L,raw_blood_pbcd
110,blood_cadmium_comment_code,LBDBCDLC,Blood cadmium comment code,,raw_blood_pbcd
111,blood_mercury_total,LBXTHG,"Blood mercury, total",ug/L,raw_blood_pbcd
112,blood_mercury_total_comment_code,LBDTHGLC,"Blood mercury, total comment code",,raw_blood_pbcd
113,blood_selenium,LBXBSE,Blood selenium,ug/L,raw_blood_pbcd
114,blood_selenium_comment_code,LBDBSELC,Blood selenium comment code,,raw_blood_pbcd
115,blood_manganese,LBXBMN,Blood manganese,ug/L,raw_blood_pbcd
116,blood_manganese_comment_code,LBDBMNLC,Blood manganese comment code,,raw_blood_pbcd
117,urine_mercury,URXUHG,Urine Mercury,ug/L,raw_urine_mercury
118,mercury_urine_comment_code,URDUHGLC,"Mercury, Urine Comment Code",,raw_urine_mercury
119,barium_urine,URXUBA,"Barium, urine",ug/L,raw_urine_metals
120,urinary_barium_comment_code,URDUBALC,Urinary Barium Comment Code,,raw_urine_metals
121,cadmium_urine,URXUCD,"Cadmium, urine",ug/L,raw_urine_metals
122,urinary_cadmium_comment_code,URDUCDLC,Urinary Cadmium Comment Code,,raw_urine_metals
123,cobalt_urine,URXUCO,"Cobalt, urine",ug/L,raw_urine_metals
124,urinary_cobalt_comment_code,URDUCOLC,Urinary Cobalt Comment Code,,raw_urine_metals
125,cesium_urine,URXUCS,"Cesium, urine",ug/L,raw_urine_metals
126,urinary_cesium_comment_code,URDUCSLC,Urinary Cesium Comment Code,,raw_urine_metals
127,molybdenum_urine,URXUMO,"Molybdenum, urine",ug/L,raw_urine_metals
128,urinary_molybdenum_comment_code,URDUMOLC,Urinary Molybdenum Comment Code,,raw_urine_metals
129,manganese_urine,URXUMN,"Manganese, urine",ug/L,raw_urine_metals
130,urinary_mn_comment_code,URDUMNLC,Urinary Mn Comment Code,,raw_urine_metals
131,lead_urine,URXUPB,"Lead, urine",ug/L,raw_urine_metals
132,urinary_lead_comment_code,URDUPBLC,Urinary Lead Comment Code,,raw_urine_metals
133,antimony_urine,URXUSB,"Antimony, urine",ug/L,raw_urine_metals
134,urinary_antimony_comment_code,URDUSBLC,Urinary Antimony Comment Code,,raw_urine_metals
135,tin_urine,URXUSN,"Tin, urine",ug/L,raw_urine_metals
136,usn_comment_code,URDUSNLC,USN Comment Code,,raw_urine_metals
137,thallium_urine,URXUTL,"Thallium, urine",ug/L,raw_urine_metals
138,urinary_thallium_comment_code,URDUTLLC,Urinary Thallium Comment Code,,raw_urine_metals
139,tungsten_urine,URXUTU,"Tungsten, urine",ug/L,raw_urine_metals
140,urinary_tungsten_comment_code,URDUTULC,Urinary Tungsten Comment Code,,raw_urine_metals
141,nickel_urine,URXUNI,"Nickel, Urine",ug/L,raw_urine_nickel
142,nickel_urine_comment_code,URDUNILC,"Nickel, Urine Comment Code",,raw_urine_nickel
143,subsample_b_weights_prepandemic,WTSBPRP,Subsample B Weights Pre-Pandemic,,raw_urine_insecticide
144,dimethylphosphate,URXOP1,Dimethylphosphate,ng/mL,raw_urine_insecticide
145,dimethylphosphate_comment_code,URDOP1LC,Dimethylphosphate Comment Code,,raw_urine_insecticide
146,diethylphosphate,URXOP2,Diethylphosphate,ng/mL,raw_urine_insecticide
147,diethylphosphate_comment_code,URDOP2LC,Diethylphosphate Comment Code,,raw_urine_insecticide
148,dimethylthiophosphate,URXOP3,Dimethylthiophosphate,ng/mL,raw_urine_insecticide
149,dimethylthiophosphate_comment_code,URDOP3LC,Dimethylthiophosphate Comment Code,,raw_urine_insecticide
150,diethylthiophosphate,URXOP4,Diethylthiophosphate,ng/mL,raw_urine_insecticide
151,diethylthiophosphate_comment_code,URDOP4LC,Diethylthiophosphate Comment Code,,raw_urine_insecticide
152,dimethyldithiophosphate,URXOP5,Dimethyldithiophosphate,ng/mL,raw_urine_insecticide
153,dimethyldithiophosphate_comment_code,URDOP5LC,Dimethyldithiophosphate Comment Code,,raw_urine_insecticide
154,diethyldithiophosphate,URXOP6,Diethyldithiophosphate,ng/mL,raw_urine_insecticide
155,diethyldithiophosphate_comment_code,URDOP6LC,Diethyldithiophosphate Comment Code,,raw_urine_insecticide
156,perchlorate_urine,URXUP8,"Perchlorate, urine",ng/mL,raw_urine_perc_nit_thio
157,perchlorate_urine_comment_code,URDUP8LC,"Perchlorate, urine Comment Code",,raw_urine_perc_nit_thio
158,nitrate_urine,URXNO3,"Nitrate, urine",ng/mL,raw_urine_perc_nit_thio
159,nitrate_urine_comment_code,URDNO3LC,"Nitrate, urine Comment Code",,raw_urine_perc_nit_thio
160,thiocyanate_urine,URXSCN,"Thiocyanate, urine",ng/mL,raw_urine_perc_nit_thio
161,thiocyanate_urine_comment_code,URDSCNLC,"Thiocyanate, urine Comment Code",,raw_urine_perc_nit_thio
162,subsample_ba_weights_prepandemic,WTSBAPRP,Subsample BA Weights Pre-Pandemic,,raw_blood_pfas
163,perfluorodecanoic_acid,LBXPFDE,Perfluorodecanoic acid,ng/mL,raw_blood_pfas
164,perfluorodecanoic_acid_comment_code,LBDPFDEL,Perfluorodecanoic acid Comment Code,,raw_blood_pfas
165,perfluorohexane_sulfonic_acid,LBXPFHS,Perfluorohexane sulfonic acid,ng/mL,raw_blood_pfas
166,perfluorohexane_sulfonic_acid_comt_code,LBDPFHSL,Perfluorohexane sulfonic acid Comt Code,,raw_blood_pfas
167,2nmethylpfosaacetic_acid,LBXMPAH,2-(N-methyl-PFOSA)acetic acid,ng/mL,raw_blood_pfas
168,2nmethylpfosa_acetic_acid_comt_code,LBDMPAHL,2-(N-methyl-PFOSA) acetic acid Comt Code,,raw_blood_pfas
169,perfluorononanoic_acid,LBXPFNA,Perfluorononanoic acid,ng/mL,raw_blood_pfas
170,perfluorononanoic_acid_comment_code,LBDPFNAL,Perfluorononanoic acid Comment Code,,raw_blood_pfas
171,perfluoroundecanoic_acid,LBXPFUA,Perfluoroundecanoic acid,ng/mL,raw_blood_pfas
172,perfluoroundecanoic_acid_comment_code,LBDPFUAL,Perfluoroundecanoic acid Comment Code,,raw_blood_pfas
173,nperfluorooctanoic_acid,LBXNFOA,n-perfluorooctanoic acid,ng/mL,raw_blood_pfas
174,nperfluorooctanoic_acid_comment_code,LBDNFOAL,n-perfluorooctanoic acid Comment Code,,raw_blood_pfas
175,br_perfluorooctanoic_acid_iso,LBXBFOA,Br. perfluorooctanoic acid iso,ng/mL,raw_blood_pfas
176,br_perfluorooctanoic_acid_iso_comt_code,LBDBFOAL,Br. perfluorooctanoic acid iso Comt Code,,raw_blood_pfas
177,nperfluorooctane_sulfonic_acid,LBXNFOS,n-perfluorooctane sulfonic acid,ng/mL,raw_blood_pfas
178,nperfluorooctane_sulfonic_comt_code,LBDNFOSL,n-perfluorooctane sulfonic Comt Code,,raw_blood_pfas
179,smpfos,LBXMFOS,Sm-PFOS,ng/mL,raw_blood_pfas
180,smpfos_comment_code,LBDMFOSL,Sm-PFOS Comment Code,,raw_blood_pfas
181,fasting_glucose,LBXGLU,Fasting Glucose,mg/dL,raw_blood_fasting_glucose
182,tst_subsample_weights_prepandemic,WTTSTPP,TST Subsample Weights Pre-Pandemic,,raw_blood_sex_hormones
183,17îhydroxyprogesterone,LBX17H,17Î±-hydroxyprogesterone,ng/dL,raw_blood_sex_hormones
184,17îhydroxyprogesterone_comment_code,LBD17HLC,17Î±-hydroxyprogesterone Comment Code,,raw_blood_sex_hormones
185,androstenedione,LBXAND,Androstenedione,ng/dL,raw_blood_sex_hormones
186,androstenedione_comment_code,LBDANDLC,Androstenedione Comment Code,,raw_blood_sex_hormones
187,antimullerian_hormone,LBXAMH,Anti-Mullerian hormone,ng/mL,raw_blood_sex_hormones
188,antimullerian_hormone_comment_code,LBDAMHLC,Anti-Mullerian hormone Comment Code,,raw_blood_sex_hormones
189,estradiol,LBXEST,Estradiol,pg/mL,raw_blood_sex_hormones
190,estradiol_comment_code,LBDESTLC,Estradiol Comment Code,,raw_blood_sex_hormones
191,estrone,LBXESO,Estrone,ng/dL,raw_blood_sex_hormones
192,estrone_comment_code,LBDESOLC,Estrone Comment Code,,raw_blood_sex_hormones
193,estrone_sulfate,LBXES1,Estrone Sulfate,pg/mL,raw_blood_sex_hormones
194,estrone_sulfate_comment_code,LBDES1LC,Estrone Sulfate Comment Code,,raw_blood_sex_hormones
195,follicle_stimulating_hormone,LBXFSH,Follicle Stimulating Hormone,mIU/mL,raw_blood_sex_hormones
196,fsh_comment_code,LBDFSHLC,FSH Comment Code,,raw_blood_sex_hormones
197,luteinizing_hormone,LBXLUH,Luteinizing Hormone,mIU/mL,raw_blood_sex_hormones
198,luteinizing_hormone_comment_code,LBDLUHLC,Luteinizing Hormone Comment Code,,raw_blood_sex_hormones
199,progesterone,LBXPG4,Progesterone,ng/dL,raw_blood_sex_hormones
200,progesterone_comment_code,LBDPG4LC,Progesterone Comment Code,,raw_blood_sex_hormones
201,shbg,LBXSHBG,SHBG,nmol/L,raw_blood_sex_hormones
202,shbg_comment_code,LBDSHGLC,SHBG Comment Code,,raw_blood_sex_hormones
203,alt_comment_code,LBDSATLC,ALT Comment Code,,raw_blood_cmp
204,albumin_refrigerated_serum,LBXSAL,"Albumin, refrigerated serum",g/dL,raw_blood_cmp
205,blood_urea_nitrogen,LBXSBU,Blood Urea Nitrogen,mg/dL,raw_blood_cmp
206,creatine_phosphokinase_cpk,LBXSCK,Creatine Phosphokinase (CPK),IU/L,raw_blood_cmp
207,creatinine_refrigerated_serum,LBXSCR,"Creatinine, refrigerated serum",mg/dL,raw_blood_cmp
208,globulin,LBXSGB,Globulin,g/dL,raw_blood_cmp
209,glucose_refrigerated_serum,LBXSGL,"Glucose, refrigerated serum",mg/dL,raw_blood_cmp
210,ggt_comment_code,LBDSGTLC,GGT Comment Code,,raw_blood_cmp
211,iron_refrigerated_serum,LBXSIR,"Iron, refrigerated serum",ug/dL,raw_blood_cmp
212,phosphorus,LBXSPH,Phosphorus,mg/dL,raw_blood_cmp
213,total_bilirubin,LBXSTB,Total Bilirubin,mg/dL,raw_blood_cmp
214,total_bilirubin_comment_code,LBDSTBLC,Total Bilirubin Comment Code,,raw_blood_cmp
215,total_calcium,LBXSCA,Total Calcium,mg/dL,raw_blood_cmp
216,cholesterol_refrigerated_serum,LBXSCH,"Cholesterol, refrigerated serum",mg/dL,raw_blood_cmp
217,total_protein,LBXSTP,Total Protein,g/dL,raw_blood_cmp
218,triglycerides_refrig_serum,LBXSTR,"Triglycerides, refrig serum",mg/dL,raw_blood_cmp
219,uric_acid,LBXSUA,Uric acid,mg/dL,raw_blood_cmp
220,transferrin_receptor,LBXTFR,Transferrin receptor,mg/L,raw_blood_transferrin
221,urine_pregnancy_result,URXPREG,Urine Pregnancy Result,,raw_urine_pregnancy
222,2methylhippuric_acid,URX2MH,2-methylhippuric acid,ng/mL,raw_urine_voc
223,2methylhippuric_acid_comment_code,URD2MHLC,2-methylhippuric acid comment code,,raw_urine_voc
224,3methipurc_acd_4methipurc_acd,URX34M,3-methipurc acd & 4-methipurc acd,ng/mL,raw_urine_voc
225,3methipurc_acd_4methipurc_acid_comt,URD34MLC,3-methipurc acd & 4-methipurc acid comt,,raw_urine_voc
226,naces2carbamoylethyllcys,URXAAM,N-ace-S-(2-carbamoylethyl)-L-cys,ng/mL,raw_urine_voc
227,naces2carbamoylethyllcys_comt,URDAAMLC,N-ace-S-(2-carbamoylethyl)-L-cys comt,,raw_urine_voc
228,nacesnmethlcarbamoyllcys,URXAMC,N-ace-S-(N-methlcarbamoyl)-L-cys,ng/mL,raw_urine_voc
229,nacesnmethlcarbamoyllcys_comt,URDAMCLC,N-ace-S-(N-methlcarbamoyl)-L-cys comt,,raw_urine_voc
230,2amnothiazolne4carbxylic_acid,URXATC,2-amnothiazolne-4-carbxylic acid,ng/mL,raw_urine_voc
231,2amnothiazolne4carbxylic_acid_comt,URDATCLC,2-amnothiazolne-4-carbxylic acid comt,,raw_urine_voc
232,nacetylsbenzyllcysteine,URXBMA,N-acetyl-S-(benzyl)-L-cysteine,ng/mL,raw_urine_voc
233,nacetylsbenzyllcysteine_comt,URDBMALC,N-acetyl-S-(benzyl)-L-cysteine comt,,raw_urine_voc
234,nacetylsnpropyllcysteine,URXBPM,N-acetyl-S-(n-propyl)-L-cysteine,ng/mL,raw_urine_voc
235,nacetylsnpropyllcysteine_comt,URDBPMLC,N-acetyl-S-(n-propyl)-L-cysteine comt,,raw_urine_voc
236,nacetyls2carbxyethyllcys,URXCEM,N-acetyl-S-(2-carbxyethyl)-L-cys,ng/mL,raw_urine_voc
237,nacetyls2carbxyethyllcys_comt,URDCEMLC,N-acetyl-S-(2-carbxyethyl)-L-cys comt,,raw_urine_voc
238,cyha_cysteine,URXCYHA,CYHA cysteine,ng/mL,raw_urine_voc
239,cyha_cysteine_comment_code,URDCYALC,CYHA cysteine comment code,,raw_urine_voc
240,nacetyls2cyanoethyllcyst,URXCYM,N-acetyl-S-(2-cyanoethyl)-L-cyst,ng/mL,raw_urine_voc
241,nacetyls2cyanoethyllcyst_comt,URDCYMLC,N-acetyl-S-(2-cyanoethyl)-L-cyst comt,,raw_urine_voc
242,naces34dihidxybutllcys,URXDHB,"N-ace-S-(3,4-dihidxybutl)-L-cys",ng/mL,raw_urine_voc
243,naces34dihidxybutllcys_comt,URDDHBLC,"N-ace-S-(3,4-dihidxybutl)-L-cys comt",,raw_urine_voc
244,nacs2carbmo2hydxellcys,URXGAM,N-ac-S-(2-carbmo-2-hydxel)-L-cys,ng/mL,raw_urine_voc
245,nacs2carbmo2hydxellcys_comt,URDGAMLC,N-ac-S-(2-carbmo-2-hydxel)-L-cys comt,,raw_urine_voc
246,naces2hydroxyethyllcys,URXHEM,N-ace-S-(2-hydroxyethyl)-L-cys,ng/mL,raw_urine_voc
247,naces2hydroxyethyllcys_comt,URDHEMLC,N-ace-S-(2-hydroxyethyl)-L-cys comt,,raw_urine_voc
248,naces2hydroxypropyllcys,URXHP2,N-ace-S-(2-hydroxypropyl)-L-cys,ng/mL,raw_urine_voc
249,naces2hydroxypropyllcys_comt,URDHP2LC,N-ace-S-(2-hydroxypropyl)-L-cys comt,,raw_urine_voc
250,naces3hydroxypropyllcys,URXHPM,N-ace-S-(3-hydroxypropyl)-L-cys,ng/mL,raw_urine_voc
251,naces3hydroxypropyllcys_comt,URDHPMLC,N-ace-S-(3-hydroxypropyl)-L-cys comt,,raw_urine_voc
252,ipm3_cysteine,URXIPM3,IPM3 cysteine,ng/mL,raw_urine_voc
253,ipm3_cysteine_comment_code,URDPM3LC,IPM3 cysteine comment code,,raw_urine_voc
254,mandelic_acid,URXMAD,Mandelic acid,ng/mL,raw_urine_voc
255,mandelic_acid_comment_code,URDMADLC,Mandelic acid comment code,,raw_urine_voc
256,nas4hydrxy2butenyllcys,URXMB3,N-A-S-(4-hydrxy-2-butenyl)-L-cys,ng/mL,raw_urine_voc
257,nas4hydrxy2butenyllcys_comt,URDMB3LC,N-A-S-(4-hydrxy-2-butenyl)-L-cys comt,,raw_urine_voc
258,phenylglyoxylic_acid,URXPHG,Phenylglyoxylic acid,ng/mL,raw_urine_voc
259,phenylglyoxylic_acid_comment_code,URDPHGLC,Phenylglyoxylic acid comment code,,raw_urine_voc
260,nas3hydrxprpl1metllcys,URXPMM,N-A-S-(3-hydrxprpl-1-metl)-L-cys,ng/mL,raw_urine_voc
261,nas3hydrxprpl1metllcys_comt,URDPMMLC,N-A-S-(3-hydrxprpl-1-metl)-L-cys comt,,raw_urine_voc
262,2thioxothiazolidine4carboxylic_acid,URXTTC,2-Thioxothiazolidine-4-carboxylic acid,,raw_urine_voc
263,2thoxothazlidne4carbxylic_comt,URDTTCLC,2-Thoxothazlidne-4-carbxylic comt,,raw_urine_voc
264,uvoc2_subsample_weights_prepandemic,WTVOC2PP,UVOC2 Subsample Weights Pre-Pandemic,,raw_urine_voc_2
265,trans_transmuconic_acid,URXMUCA,"trans, trans-Muconic acid",ng/mL,raw_urine_voc_2
266,trans_transmuconic_acid_comment_code,URDMUCLC,"trans, trans-Muconic acid comment code",,raw_urine_voc_2
267,phenylmercapturic_acid,URXPHMA,Phenylmercapturic acid,ng/mL,raw_urine_voc_2
268,phenylmercapturic_acid_comment_code,URDPMALC,Phenylmercapturic acid comment code,,raw_urine_voc_2
269,voc_subsample_weight_prepandemic,WTSVOCPR,VOC Subsample Weight Pre-Pandemic,,raw_blood_voc
270,blood_25dimethylfuran,LBX2DF,"Blood 2,5-Dimethylfuran",ng/mL,raw_blood_voc
271,blood_25dimethylfuran_comment_code,LBD2DFLC,"Blood 2,5-Dimethylfuran Comment Code",,raw_blood_voc
272,blood_1112tetrachloroethane,LBX4CE,"Blood 1,1,1,2-Tetrachloroethane",ng/mL,raw_blood_voc
273,blood_1112tetrachloroethane_cmt_code,LBD4CELC,"Blood 1,1,1,2-Tetrachloroethane Cmt Code",,raw_blood_voc
274,blood_hexane,LBXV06,Blood Hexane,ng/mL,raw_blood_voc
275,blood_hexane_comment_code,LBDV06LC,Blood Hexane Comment Code,,raw_blood_voc
276,blood_heptane,LBXV07N,Blood Heptane,ng/mL,raw_blood_voc
277,blood_heptane_comment_code,LBDV07LC,Blood Heptane Comment Code,,raw_blood_voc
278,blood_octane,LBXV08N,Blood Octane,ng/mL,raw_blood_voc
279,blood_octane_comment_code,LBDV08LC,Blood Octane Comment Code,,raw_blood_voc
280,blood_12dichlorobenzene,LBXV1D,"Blood 1,2-Dichlorobenzene",ng/mL,raw_blood_voc
281,blood_12dichlorobenzene_comment_code,LBDV1DLC,"Blood 1,2-Dichlorobenzene Comment Code",,raw_blood_voc
282,blood_12dichloroethane,LBXV2A,"Blood 1,2-Dichloroethane",ng/mL,raw_blood_voc
283,blood_12dichloroethane_comment_code,LBDV2ALC,"Blood 1,2-Dichloroethane Comment Code",,raw_blood_voc
284,blood_13dichlorobenzene,LBXV3B,"Blood 1,3-Dichlorobenzene",ng/mL,raw_blood_voc
285,blood_13dichlorobenzene_comment_code,LBDV3BLC,"Blood 1,3-Dichlorobenzene Comment Code",,raw_blood_voc
286,blood_tetrachloroethene,LBXV4C,Blood Tetrachloroethene,ng/mL,raw_blood_voc
287,blood_tetrachloroethene_comment_code,LBDV4CLC,Blood Tetrachloroethene Comment Code,,raw_blood_voc
288,blood_bromoform,LBXVBF,Blood Bromoform,ng/mL,raw_blood_voc
289,blood_bromoform_comment_code,LBDVBFLC,Blood Bromoform Comment Code,,raw_blood_voc
290,blood_bromodichloromethane,LBXVBM,Blood Bromodichloromethane,ng/mL,raw_blood_voc
291,blood_bromodichloromethane_comment_code,LBDVBMLC,Blood Bromodichloromethane Comment Code,,raw_blood_voc
292,blood_benzene,LBXVBZ,Blood Benzene,ng/mL,raw_blood_voc
293,blood_benzene_comment_code,LBDVBZLC,Blood Benzene Comment Code,,raw_blood_voc
294,blood_benzonitrile,LBXVBZN,Blood Benzonitrile,ng/mL,raw_blood_voc
295,blood_benzonitrile_comment_code,LBDVZBLC,Blood Benzonitrile Comment Code,,raw_blood_voc
296,blood_cyclohexane,LBXVC6,Blood Cyclohexane,ng/mL,raw_blood_voc
297,blood_cyclohexane_comment_code,LBDVC6LC,Blood Cyclohexane Comment Code,,raw_blood_voc
298,blood_chlorobenzene,LBXVCB,Blood Chlorobenzene,ng/mL,raw_blood_voc
299,blood_chlorobenzene_comment_code,LBDVCBLC,Blood Chlorobenzene Comment Code,,raw_blood_voc
300,blood_chloroform,LBXVCF,Blood Chloroform,ng/mL,raw_blood_voc
301,blood_chloroform_comment_code,LBDVCFLC,Blood Chloroform Comment Code,,raw_blood_voc
302,blood_dibromochloromethane,LBXVCM,Blood Dibromochloromethane,ng/mL,raw_blood_voc
303,blood_dibromochloromethane_comment_code,LBDVCMLC,Blood Dibromochloromethane Comment Code,,raw_blood_voc
304,blood_carbon_tetrachloride,LBXVCT,Blood Carbon Tetrachloride,ng/mL,raw_blood_voc
305,blood_carbon_tetrachloride_comment_code,LBDVCTLC,Blood Carbon Tetrachloride Comment Code,,raw_blood_voc
306,blood_14dichlorobenzene,LBXVDB,"Blood 1,4-Dichlorobenzene",ng/mL,raw_blood_voc
307,blood_14dichlorobenzene_comment_code,LBDVDBLC,"Blood 1,4-Dichlorobenzene Comment Code",,raw_blood_voc
308,blood_12dibromoethane,LBXVDE,"Blood 1,2-Dibromoethane",ng/mL,raw_blood_voc
309,blood_12dibromoethane_comment_code,LBDVDELC,"Blood 1,2-Dibromoethane Comment Code",,raw_blood_voc
310,blood_diethyl_ether,LBXVDEE,Blood Diethyl Ether,ng/mL,raw_blood_voc
311,blood_diethyl_ether_comment_code,LBDVEELC,Blood Diethyl Ether Comment Code,,raw_blood_voc
312,blood_ethyl_acetate,LBXVEA,Blood Ethyl Acetate,ng/mL,raw_blood_voc
313,blood_ethyl_acetate_comment_code,LBDVEALC,Blood Ethyl Acetate Comment Code,,raw_blood_voc
314,blood_ethylbenzene,LBXVEB,Blood Ethylbenzene,ng/mL,raw_blood_voc
315,blood_ethylbenzene_comment_code,LBDVEBLC,Blood Ethylbenzene Comment Code,,raw_blood_voc
316,blood_chloroethane,LBXVEC,Blood Chloroethane,ng/mL,raw_blood_voc
317,blood_chloroethane_comment_code,LBDVECLC,Blood Chloroethane Comment Code,,raw_blood_voc
318,blood_furan,LBXVFN,Blood Furan,ng/mL,raw_blood_voc
319,blood_furan_comment_code,LBDVFNLC,Blood Furan Comment Code,,raw_blood_voc
320,blood_isobutyronitrile,LBXVIBN,Blood Isobutyronitrile,ng/mL,raw_blood_voc
321,blood_isobutyronitrile_comment_code,LBDVIBLC,Blood Isobutyronitrile Comment Code,,raw_blood_voc
322,blood_isopropylbenzene,LBXVIPB,Blood Isopropylbenzene,ng/mL,raw_blood_voc
323,blood_isopropylbenzene_comment_code,LBDVIPLC,Blood Isopropylbenzene Comment Code,,raw_blood_voc
324,blood_methylene_chloride,LBXVMC,Blood Methylene Chloride,ng/mL,raw_blood_voc
325,blood_methylene_chloride_comment_code,LBDVMCLC,Blood Methylene Chloride Comment Code,,raw_blood_voc
326,blood_methylcyclopentane,LBXVMCP,Blood Methylcyclopentane,ng/mL,raw_blood_voc
327,blood_methylcyclopentane_comment_code,LBDVMPLC,Blood Methylcyclopentane Comment Code,,raw_blood_voc
328,blood_mtbe,LBXVME,Blood MTBE,ng/mL,raw_blood_voc
329,blood_mtbe_comment_code,LBDVMELC,Blood MTBE Comment Code,,raw_blood_voc
330,blood_methyl_isobutyl_ketone,LBXVMIK,Blood Methyl Isobutyl Ketone,ng/mL,raw_blood_voc
331,blood_methyl_isobutyl_ketone_comt_code,LBDVMKLC,Blood Methyl Isobutyl Ketone Comt Code,,raw_blood_voc
332,blood_nitrobenzene,LBXVNB,Blood Nitrobenzene,ng/mL,raw_blood_voc
333,blood_nitrobenzene_comment_code,LBDVNBLC,Blood Nitrobenzene Comment Code,,raw_blood_voc
334,blood_oxylene,LBXVOX,Blood o-Xylene,ng/mL,raw_blood_voc
335,blood_oxylene_comment_code,LBDVOXLC,Blood o-Xylene Comment Code,,raw_blood_voc
336,blood_trichloroethene,LBXVTC,Blood Trichloroethene,ng/mL,raw_blood_voc
337,blood_trichloroethene_comment_code,LBDVTCLC,Blood Trichloroethene Comment Code,,raw_blood_voc
338,blood_111trichloroethane,LBXVTE,"Blood 1,1,1-Trichloroethane",ng/mL,raw_blood_voc
339,blood_111trichloroethane_comment_code,LBDVTELC,"Blood 1,1,1-Trichloroethane Comment Code",,raw_blood_voc
340,blood_aaatrifluorotoluene,LBXVTFT,Blood aaa-Trifluorotoluene,ng/mL,raw_blood_voc
341,blood_aaatrifluorotoluene_comment_code,LBDVFTLC,Blood aaa-Trifluorotoluene Comment Code,,raw_blood_voc
342,blood_tetrahydrofuran,LBXVTHF,Blood Tetrahydrofuran,ng/mL,raw_blood_voc
343,blood_tetrahydrofuran_comment_code,LBDVHTLC,Blood Tetrahydrofuran Comment Code,,raw_blood_voc
344,blood_123trichloropropane,LBXVTP,"Blood 1,2,3-Trichloropropane",ng/mL,raw_blood_voc
345,blood_123trichloropropane_comt_code,LBDVTPLC,"Blood 1,2,3-Trichloropropane Comt Code",,raw_blood_voc
346,blood_vinyl_bromide,LBXVVB,Blood Vinyl Bromide,ng/mL,raw_blood_voc
347,blood_vinyl_bromide_comment_code,LBDVVBLC,Blood Vinyl Bromide Comment Code,,raw_blood_voc
348,blood_mpxylene,LBXVXY,Blood m-/p-Xylene,ng/mL,raw_blood_voc
349,blood_mpxylene_comment_code,LBDVXYLC,Blood m-/p-Xylene Comment Code,,raw_blood_voc
